# theta,S11,S12,S33,S34
0.000000000000000000e+00,8.200772930899785251e+01,0.000000000000000000e+00,8.200772930899785251e+01,0.000000000000000000e+00
8.726646259971647737e-03,7.153351221780008018e+01,-7.031569946413185335e-03,7.153348083577823502e+01,6.663548998049506622e-02
1.745329251994329547e-02,6.025382136298248525e+01,-1.803453073748784163e-02,6.025359747411854983e+01,1.632636665026891976e-01
2.617993877991494495e-02,5.174329063641508952e+01,-2.822964700074237498e-02,5.174271238904581338e+01,2.429888804801958457e-01
3.490658503988659095e-02,4.555186544190026154e+01,-3.743137071179347686e-02,4.555082523334356637e+01,3.055563628290576261e-01
4.363323129985823695e-02,4.094029125894699916e+01,-4.631262736516106315e-02,4.093869946052409148e+01,3.580362954269666886e-01
5.235987755982988989e-02,3.735145877248346125e+01,-5.526060725175341304e-02,3.734922108663597839e+01,4.050961853734866835e-01
6.108652381980153590e-02,3.443682169734912435e+01,-6.433992610612904173e-02,3.443383790106222619e+01,4.487275256709635229e-01
6.981317007977318190e-02,3.198805475472943272e+01,-7.347312232224645356e-02,3.198422392067988085e+01,4.895598877291824635e-01
7.853981633974482790e-02,2.987898446288718901e+01,-8.255163193609504901e-02,2.987421029366172931e+01,5.276903368397558580e-01
8.726646259971647390e-02,2.803078719609511182e+01,-9.149701622984984795e-02,2.802498111398340797e+01,5.631098380102828038e-01
9.599310885968811990e-02,2.639136523310705940e+01,-1.002793675478805824e-01,2.638444623925415300e+01,5.959023104533667237e-01
1.047197551196597798e-01,2.492347658357476803e+01,-1.088982624140708566e-01,2.491536934041241480e+01,6.262561866201070693e-01
1.134464013796314258e-01,2.359875228029977023e+01,-1.173605635586039142e-01,2.358938535896862376e+01,6.543959589969201573e-01
1.221730476396030718e-01,2.239480624689639399e+01,-1.256726180523504155e-01,2.238411114242358479e+01,6.805303760524203938e-01
1.308996938995747039e-01,2.129364788066980196e+01,-1.338340098377557297e-01,2.128155892379221825e+01,7.048250115625354084e-01
1.396263401595463638e-01,2.028073523037143389e+01,-1.418314265432183419e-01,2.026719021779858565e+01,7.273967324942089974e-01
1.483529864195180237e-01,1.934440775347175290e+01,-1.496482831700554073e-01,1.932934858528780708e+01,7.483314722464640134e-01
1.570796326794896558e-01,1.847524002916578567e+01,-1.572702736533706513e-01,1.845861296477396252e+01,7.677028155434797441e-01
1.658062789394613157e-01,1.766553387713506140e+01,-1.646927842215912818e-01,1.764728944786839548e+01,7.855816916048499188e-01
1.745329251994329478e-01,1.690888377301334344e+01,-1.719172739275762751e-01,1.688897647588591155e+01,8.020402091987293147e-01
1.832595714594046077e-01,1.619986010822468359e+01,-1.789455023544288537e-01,1.617824793641334935e+01,8.171534379623541788e-01
1.919862177193762398e-01,1.553377561005988738e+01,-1.857739486938116968e-01,1.551041965558239966e+01,8.309963004738931680e-01
2.007128639793478997e-01,1.490655167793355673e+01,-1.923951913464412300e-01,1.488141600569829137e+01,8.436377674080612898e-01
2.094395102393195596e-01,1.431463563631253777e+01,-1.988021050650541355e-01,1.428768733984058947e+01,8.551383527649183414e-01
2.181661564992911917e-01,1.375493916317596899e+01,-2.049911875882992618e-01,1.372614848713088342e+01,8.655505212971430495e-01
2.268928027592628516e-01,1.322476871985540470e+01,-2.109597845703339303e-01,1.319410909161624623e+01,8.749222488253027841e-01
2.356194490192344837e-01,1.272177231275238007e+01,-2.167058042946656826e-01,1.268922026291740579e+01,8.832997741788335411e-01
2.443460952792061436e-01,1.224387861011637924e+01,-2.222293865424944670e-01,1.220941347782543041e+01,8.907300637774850927e-01
2.530727415391778035e-01,1.178924594207670395e+01,-2.275334407315376950e-01,1.175284966062694281e+01,8.972587535499818578e-01
2.617993877991494078e-01,1.135620819554325678e+01,-2.326193780739975736e-01,1.131786517669379855e+01,9.029289272418776768e-01
2.705260340591210677e-01,1.094327628736952107e+01,-2.374902541657348820e-01,1.090297333112917855e+01,9.077812630619055412e-01
2.792526803190927276e-01,1.054909256943935247e+01,-2.421447628258404094e-01,1.050681890541715191e+01,9.118533002656223907e-01
2.879793265790643875e-01,1.017244112729471617e+01,-2.465830757324258826e-01,1.012818850244503999e+01,9.151791813516347851e-01
2.967059728390360474e-01,9.812217817006111176e+00,-2.508063105415807570e-01,9.765980482219680070e+00,9.177907734712564825e-01
3.054326190990076517e-01,9.467420577976561447e+00,-2.548179179230203317e-01,9.419195293586422935e+00,9.197174839475552588e-01
3.141592653589793116e-01,9.137134274981136173e+00,-2.586219396275817317e-01,9.086919928666619128e+00,9.209905870201917644e-01
3.228859116189509715e-01,8.820517308562765280e+00,-2.622215960646574473e-01,8.768314512205886757e+00,9.216431197878487414e-01
3.316125578789226314e-01,8.516795266755774918e+00,-2.656188600842082081e-01,8.462606463919287947e+00,9.217049819940350552e-01
3.403392041388942357e-01,8.225254678564045463e+00,-2.688157054579125571e-01,8.169084058270227544e+00,9.212048049451875276e-01
3.490658503988658956e-01,7.945248865986877185e+00,-2.718147458234243530e-01,7.887102730679329099e+00,9.201667251804848124e-01
3.577924966588375555e-01,7.676179709581035127e+00,-2.746170893009196590e-01,7.616066425570612530e+00,9.186144944118546096e-01
3.665191429188092154e-01,7.417484334006440250e+00,-2.772206500524374562e-01,7.355414403858683059e+00,9.165705122486103029e-01
3.752457891787808753e-01,7.168641330178603610e+00,-2.796259784833239337e-01,7.104626793361213721e+00,9.140601511695314318e-01
3.839724354387524796e-01,6.929158734697081101e+00,-2.818334808880162967e-01,6.863213198966167994e+00,9.111066047483060704e-01
3.926990816987241395e-01,6.698589440957046115e+00,-2.838466281386251566e-01,6.630727912781232192e+00,9.077328554477894773e-01
4.014257279586957994e-01,6.476526670224312277e+00,-2.856696018435647133e-01,6.406765389680393774e+00,9.039622947351253490e-01
4.101523742186674593e-01,6.262590256408493872e+00,-2.873055223845826234e-01,6.190946676115931524e+00,8.998174870266899550e-01
4.188790204786391191e-01,6.056413455395278866e+00,-2.887573233125904082e-01,5.982906443192368862e+00,8.953176212571554160e-01
4.276056667386107235e-01,5.857645676486878727e+00,-2.900307206849421782e-01,5.782295502520380381e+00,8.904795190553098649e-01
4.363323129985823834e-01,5.665954127602507384e+00,-2.911324991065957768e-01,5.588782531039965917e+00,8.853179456005391135e-01
4.450589592585540433e-01,5.481037088190904960e+00,-2.920705706974926485e-01,5.402067026444134612e+00,8.798489561633275891e-01
4.537856055185257032e-01,5.302617641764646450e+00,-2.928504801264733004e-01,5.221872799388170172e+00,8.740920535351570653e-01
4.625122517784973075e-01,5.130425383446365117e+00,-2.934741625346544147e-01,5.047930082208933023e+00,8.680664814203347124e-01
4.712388980384689674e-01,4.964194281296562927e+00,-2.939432085384865445e-01,4.879973682010424696e+00,8.617883240664223621e-01
4.799655442984406273e-01,4.803672673101560875e+00,-2.942612129535855381e-01,4.717752775741615778e+00,8.552720244671090377e-01
4.886921905584122872e-01,4.648635500944256371e+00,-2.944330610989140951e-01,4.561043324488567308e+00,8.485310750405441471e-01
4.974188368183839470e-01,4.498875800939549308e+00,-2.944622758204533675e-01,4.409639398134316046e+00,8.415793597871383813e-01
5.061454830783556069e-01,4.354189516072928257e+00,-2.943514559922917329e-01,4.263337669500422145e+00,8.344312302720526819e-01
5.148721293383272668e-01,4.214368949468209280e+00,-2.941026299652405029e-01,4.121931383135265747e+00,8.270979131964351083e-01
5.235987755982988157e-01,4.079218260871719792e+00,-2.937186389085266747e-01,3.985225530542400918e+00,8.195904170377216191e-01
5.323254218582704755e-01,3.948567560376510244e+00,-2.932012087322493077e-01,3.853051278957408066e+00,8.119203604913065586e-01
5.410520681182421354e-01,3.822263247504808170e+00,-2.925509772713228429e-01,3.725255528930547566e+00,8.041029182237703354e-01
5.497787143782137953e-01,3.700144216492890159e+00,-2.917689476458413811e-01,3.601677343225372141e+00,7.961522588879897944e-01
5.585053606381854552e-01,3.582047330527148077e+00,-2.908610145432388716e-01,3.482153572813777132e+00,7.880795922340547710e-01
5.672320068981571151e-01,3.467824356834367627e+00,-2.898355973209822967e-01,3.366536384286892059e+00,7.798934989162474851e-01
5.759586531581287749e-01,3.357346117967084265e+00,-2.886999886534775683e-01,3.254697329615475532e+00,7.716025952354131912e-01
5.846852994181004348e-01,3.250484728232578835e+00,-2.874586016031357438e-01,3.146508289073259412e+00,7.632195671173916951e-01
5.934119456780720947e-01,3.147102110282289367e+00,-2.861152754526303799e-01,3.041830730368475511e+00,7.547552911254687968e-01
6.021385919380436436e-01,3.047064011657667049e+00,-2.846741840668980394e-01,2.940530513675108981e+00,7.462171253802469817e-01
6.108652381980153034e-01,2.950263882922366854e+00,-2.831415711305860228e-01,2.842501290297422045e+00,7.376138856009661904e-01
6.195918844579869633e-01,2.856607173669949873e+00,-2.815202509508651918e-01,2.747649419148741501e+00,7.289537450474901092e-01
6.283185307179586232e-01,2.765980938687021329e+00,-2.798097663198280127e-01,2.655862713820408061e+00,7.202432180801672246e-01
6.370451769779302831e-01,2.678262158884204602e+00,-2.780104652271173649e-01,2.567018638161774113e+00,7.114869529832233974e-01
6.457718232379019430e-01,2.593351498389171894e+00,-2.761285976133083242e-01,2.481016855287998979e+00,7.026950658388880777e-01
6.544984694978736028e-01,2.511174340329426435e+00,-2.741703731133096067e-01,2.397783148200995917e+00,6.938754558558491992e-01
6.632251157578452627e-01,2.431642226840241783e+00,-2.721358639008695235e-01,2.317229425270504795e+00,6.850356060760809385e-01
6.719517620178169226e-01,2.354646445000994515e+00,-2.700230457102215098e-01,2.239247802669358745e+00,6.761780194458009152e-01
6.806784082777884715e-01,2.280105561251640989e+00,-2.678427671647232167e-01,2.163755901623941824e+00,6.673095389066205918e-01
6.894050545377601313e-01,2.207954463765734232e+00,-2.655992007910927821e-01,2.090690277273776765e+00,6.584330969165065328e-01
6.981317007977317912e-01,2.138119783261111628e+00,-2.632901589702035805e-01,2.019979419255995001e+00,6.495518805639790560e-01
7.068583470577034511e-01,2.070507500988238991e+00,-2.609160618202559512e-01,1.951527375654520835e+00,6.406754423292253531e-01
7.155849933176751110e-01,2.005037539372510835e+00,-2.584855083435567691e-01,1.885253005780504809e+00,6.318084206980137951e-01
7.243116395776467709e-01,1.941649154459139215e+00,-2.560025241410426311e-01,1.821096143347096907e+00,6.229550411800481857e-01
7.330382858376184307e-01,1.880279496356386693e+00,-2.534657135706244180e-01,1.758991133885648095e+00,6.141305295896328786e-01
7.417649320975900906e-01,1.820863337345347333e+00,-2.508827584653162690e-01,1.698871181273509334e+00,6.053410974249320287e-01
7.504915783575617505e-01,1.763322094190522549e+00,-2.482546557636271523e-01,1.640660343178375280e+00,5.965803148562212055e-01
7.592182246175332994e-01,1.707602414029078197e+00,-2.455870399033757145e-01,1.584303505817311830e+00,5.878566251088854777e-01
7.679448708775049592e-01,1.653666940846129751e+00,-2.428886293497255489e-01,1.529762642261390360e+00,5.791767634508986351e-01
7.766715171374766191e-01,1.601438746246118150e+00,-2.401513343726612293e-01,1.476963079547167101e+00,5.705378657301521939e-01
7.853981633974482790e-01,1.550854621712147274e+00,-2.373828223749451238e-01,1.425838602323278970e+00,5.619463795167931597e-01
7.941248096574199389e-01,1.501876708712896580e+00,-2.345905676951105523e-01,1.376354091749979913e+00,5.533988867407093615e-01
8.028514559173915988e-01,1.454455258387774119e+00,-2.317657371543476730e-01,1.328460021867756025e+00,5.449024793779803089e-01
8.115781021773632586e-01,1.408547331071694941e+00,-2.289180245941522251e-01,1.282110621918544968e+00,5.364647938576655450e-01
8.203047484373349185e-01,1.364082324542532199e+00,-2.260425007815993759e-01,1.237239107047801934e+00,5.280764792729522039e-01
8.290313946973065784e-01,1.321026719313518338e+00,-2.231503936006290489e-01,1.193807980428898574e+00,5.197480166776931032e-01
8.377580409572782383e-01,1.279351656681410709e+00,-2.202452403619624688e-01,1.151791390185448849e+00,5.114775547822629775e-01
8.464846872172497871e-01,1.238994906133162210e+00,-2.173220304928776825e-01,1.111123560377854425e+00,5.032732320118142866e-01
8.552113334772214470e-01,1.199915048059163603e+00,-2.143939220619485164e-01,1.071762391561836170e+00,4.951330576475109213e-01
8.639379797371931069e-01,1.162063319622965052e+00,-2.114512930957994641e-01,1.033661684369198586e+00,4.870554708945287192e-01
8.726646259971647668e-01,1.125429423872976509e+00,-2.085054698377445948e-01,9.968073903694313342e-01,4.790531115353341418e-01
8.813912722571364267e-01,1.089954411136119683e+00,-2.055419044593489453e-01,9.611442740099495063e-01,4.711208214505028247e-01
8.901179185171080865e-01,1.055600652943446072e+00,-2.025744546753423525e-01,9.266285464482478806e-01,4.632665169368757052e-01
8.988445647770797464e-01,1.022330112722955819e+00,-1.995998481111370126e-01,8.932279429789579117e-01,4.554806273550194851e-01
9.075712110370514063e-01,9.901265237899240512e-01,-1.966245131591829454e-01,8.609195708028956062e-01,4.477798862675628211e-01
9.162978572970230662e-01,9.589454798238710165e-01,-1.936427906856663661e-01,8.296638182274496121e-01,4.401554857256138042e-01
9.250245035569946150e-01,9.287471868008601028e-01,-1.906620734612118340e-01,7.994148634845648083e-01,4.326143626533199282e-01
9.337511498169662749e-01,8.995066159994589139e-01,-1.876843048640013945e-01,7.701542003390118296e-01,4.251461650240911938e-01
9.424777960769379348e-01,8.712074894986707729e-01,-1.847128619026998098e-01,7.418593628748305635e-01,4.177658843434217673e-01
9.512044423369095947e-01,8.438118620109134049e-01,-1.817443733267892214e-01,7.144976315659307131e-01,4.104638543417102325e-01
9.599310885968812546e-01,8.172847349459620991e-01,-1.787868171489707114e-01,6.880275879876370793e-01,4.032463888956061560e-01
9.686577348568529144e-01,7.916016734521620357e-01,-1.758412882303386771e-01,6.624315890055877398e-01,3.961028157603657673e-01
9.773843811168245743e-01,7.667495844131446692e-01,-1.729126925458092101e-01,6.376885796190595590e-01,3.890493559661998280e-01
9.861110273767962342e-01,7.426865510420996852e-01,-1.699903836141570812e-01,6.137622493772878496e-01,3.820765418301063643e-01
9.948376736367678941e-01,7.193868692366740536e-01,-1.670857393613028874e-01,5.906191859520355525e-01,3.751916850325779929e-01
1.003564319896739443e+00,6.968237608824552343e-01,-1.641913838241395029e-01,5.682407599487874217e-01,3.683842856869817828e-01
1.012290966156711214e+00,6.749962251071004449e-01,-1.613190118017149288e-01,5.466188848798135824e-01,3.616681836060545163e-01
1.021017612416682763e+00,6.538610261631032650e-01,-1.584537494173562933e-01,5.257153200166404527e-01,3.550352843457246221e-01
1.029744258676654534e+00,6.334016347625430754e-01,-1.556131029640765440e-01,5.055086959598387164e-01,3.484869458311704582e-01
1.038470904936626082e+00,6.135899301373641812e-01,-1.527861817667591215e-01,4.859737877331530287e-01,3.420211435911565401e-01
1.047197551196597631e+00,5.944243933750112951e-01,-1.499816050778261800e-01,4.671092077783853824e-01,3.356409772155039550e-01
1.055924197456569402e+00,5.758715515043081323e-01,-1.471903116599152794e-01,4.488766769100464571e-01,3.293520683275417693e-01
1.064650843716540951e+00,5.579052868767053752e-01,-1.444172635235429769e-01,4.312556174326486191e-01,3.231416957839633453e-01
1.073377489976512722e+00,5.405180406598871778e-01,-1.416724578769191778e-01,4.142306034034757278e-01,3.170199901613593441e-01
1.082104136236484271e+00,5.236906151963196532e-01,-1.389457735926602766e-01,3.977902321625313986e-01,3.109804875575254979e-01
1.090830782496456042e+00,5.074130175109387020e-01,-1.362507169928574013e-01,3.819150919674624278e-01,3.050320884529580945e-01
1.099557428756427591e+00,4.916472273628033629e-01,-1.335769077243979530e-01,3.665701762950426268e-01,2.991663613231625996e-01
1.108284075016399362e+00,4.763891045926927914e-01,-1.309368791569179846e-01,3.517525683932181679e-01,2.933807138856414087e-01
1.117010721276370910e+00,4.616270211049274819e-01,-1.283248933097810296e-01,3.374446956796222086e-01,2.876861236294334101e-01
1.125737367536342459e+00,4.473361506097442986e-01,-1.257335478977089638e-01,3.236288509982308548e-01,2.820728157355175680e-01
1.134464013796314230e+00,4.335053326442428467e-01,-1.231757589012602849e-01,3.102849849582358099e-01,2.765462600715505315e-01
1.143190660056285779e+00,4.201121675095333963e-01,-1.206410931568296929e-01,2.973976856502077437e-01,2.710988316119853359e-01
1.151917306316257550e+00,4.071587606402068960e-01,-1.181386595740857026e-01,2.849681162771900422e-01,2.657342397688665092e-01
1.160643952576229099e+00,3.946247260850755945e-01,-1.156620604266617169e-01,2.729690257663586750e-01,2.604589664184077114e-01
1.169370598836200870e+00,3.824842510321971867e-01,-1.132072568272373403e-01,2.613832414066757370e-01,2.552589281514991981e-01
1.178097245096172418e+00,3.707377961294060498e-01,-1.107892497406193777e-01,2.502048067407113274e-01,2.501395816432157582e-01
1.186823891356144189e+00,3.593705116404356525e-01,-1.083953474786415183e-01,2.394217149038318226e-01,2.451017252370968624e-01
1.195550537616115738e+00,3.483717460085497541e-01,-1.060288210910415169e-01,2.290264104609457119e-01,2.401409290946960318e-01
1.204277183876087287e+00,3.377293702116877516e-01,-1.036964842743641063e-01,2.189970471483706771e-01,2.352625341889653665e-01
1.213003830136059058e+00,3.274240861065255692e-01,-1.013914204912486627e-01,2.093230825754059943e-01,2.304564147829042675e-01
1.221730476396030607e+00,3.174609500495370051e-01,-9.912503974063582857e-02,2.000058272305632323e-01,2.257284881812441357e-01
1.230457122656002378e+00,3.078262254332314041e-01,-9.689130354639853560e-02,1.910230636540956872e-01,2.210865204252705496e-01
1.239183768915973927e+00,2.984956667070420844e-01,-9.468339230000273610e-02,1.823582654676175474e-01,2.165183162715968723e-01
1.247910415175945698e+00,2.894672928502918796e-01,-9.251455899770284763e-02,1.740042032104881786e-01,2.120257231295776534e-01
1.256637061435917246e+00,2.807320208975752074e-01,-9.037669790413226101e-02,1.659511957961930795e-01,2.076119472645912567e-01
1.265363707695889017e+00,2.722781169309624882e-01,-8.826524177241756863e-02,1.581943001611232080e-01,2.032712066448665034e-01
1.274090353955860566e+00,2.641001653807281691e-01,-8.619021980028658547e-02,1.507194443797663375e-01,1.990070160842596358e-01
1.282817000215832115e+00,2.561818039236983813e-01,-8.414590378215279498e-02,1.435115244426822256e-01,1.948153635892773961e-01
1.291543646475803886e+00,2.485173980708251240e-01,-8.213236833099611667e-02,1.365725537209346585e-01,1.906911345248566148e-01
1.300270292735775435e+00,2.411083442904476959e-01,-8.015553259552656018e-02,1.298949356391039811e-01,1.866430549903252412e-01
1.308996938995747206e+00,2.339360397759959187e-01,-7.820540996124110411e-02,1.234605176306761004e-01,1.826676904798330003e-01
1.317723585255718755e+00,2.269884649583056579e-01,-7.628441630047759492e-02,1.172646617355393162e-01,1.787552800950867882e-01
1.326450231515690525e+00,2.202696417415663799e-01,-7.440272902159648927e-02,1.113042423912376094e-01,1.749123054928083676e-01
1.335176877775662074e+00,2.137703611550773042e-01,-7.255049059515022991e-02,1.055695044924623571e-01,1.711410919212308368e-01
1.343903524035633845e+00,2.074781022703773292e-01,-7.072541782733020310e-02,1.000532990193643557e-01,1.674348098520984929e-01
1.352630170295605394e+00,2.013901725131463649e-01,-6.893795680590705799e-02,9.474541657130194916e-02,1.637951944808888338e-01
1.361356816555576943e+00,1.954989251344833590e-01,-6.718432851502094405e-02,8.963680463786316555e-02,1.602227792326597067e-01
1.370083462815548714e+00,1.897970885438380606e-01,-6.545922484908636707e-02,8.472763249511325312e-02,1.567139208674433182e-01
1.378810109075520263e+00,1.842829285256861183e-01,-6.376740889753605701e-02,8.001040982979998328e-02,1.532718161547158564e-01
1.387536755335492034e+00,1.789467522445924164e-01,-6.210631741147124713e-02,7.547052763716594059e-02,1.498964473716468404e-01
1.396263401595463582e+00,1.737764828830901664e-01,-6.047172654751032522e-02,7.110501127434572244e-02,1.465793766641652340e-01
1.404990047855435353e+00,1.687738508105833535e-01,-5.886959778916413949e-02,6.691509918096479048e-02,1.433225476858988046e-01
1.413716694115406902e+00,1.639376403695738671e-01,-5.729957655443145698e-02,6.289014487931191000e-02,1.401325734213346441e-01
1.422443340375378673e+00,1.592535834596938704e-01,-5.575384112794617986e-02,5.902062596743015699e-02,1.370028421407604724e-01
1.431169986635350222e+00,1.547147593640189889e-01,-5.423633517356105799e-02,5.530475443416983661e-02,1.339270728754407280e-01
1.439896632895321771e+00,1.503246811507632508e-01,-5.275441601029082911e-02,5.173937944485496043e-02,1.309103432474039708e-01
1.448623279155293542e+00,1.460775294762132470e-01,-5.130074306496257980e-02,4.831752523884158546e-02,1.279542696968356263e-01
1.457349925415265091e+00,1.419630287708326666e-01,-4.987148520758156317e-02,4.503519360263498472e-02,1.250526602601936821e-01
1.466076571675236861e+00,1.379788504701208174e-01,-4.847374638830877214e-02,4.188709107383109531e-02,1.222044626415519641e-01
1.474803217935208410e+00,1.341241752001577359e-01,-4.710964710036252834e-02,3.886646406784395602e-02,1.194126186550856228e-01
1.483529864195180181e+00,1.303925525097497928e-01,-4.577215194902414797e-02,3.597162575186876876e-02,1.166754901285218249e-01
1.492256510455151730e+00,1.267791320136137379e-01,-4.446053504924047522e-02,3.320032677883714978e-02,1.139909971841591846e-01
1.500983156715123501e+00,1.232827728763026542e-01,-4.317998261696595619e-02,3.054453967075666104e-02,1.113605059505842765e-01
1.509709802975095050e+00,1.198980092788757279e-01,-4.192811926042139259e-02,2.799700761524864800e-02,1.087829628614378069e-01
1.518436449235066599e+00,1.166183435013183611e-01,-4.070089017461387543e-02,2.555932445866981179e-02,1.062543952653345336e-01
1.527163095495038370e+00,1.134430925286837866e-01,-3.950024944841006719e-02,2.323025844016796126e-02,1.037758190947577902e-01
1.535889741755009918e+00,1.103717467188173179e-01,-3.832835766453508708e-02,2.100094961816732081e-02,1.013499856321520703e-01
1.544616388014981689e+00,1.073966536437060970e-01,-3.718110256679279385e-02,1.886521538165376877e-02,9.897328161876627062e-02
1.553343034274953238e+00,1.045117863508807782e-01,-3.605798382212939412e-02,1.682440329004088880e-02,9.664095789503157619e-02
1.562069680534925009e+00,1.017182095878168130e-01,-3.496189521944347012e-02,1.487783947956799330e-02,9.435523269451404071e-02
1.570796326794896558e+00,9.901661666430092157e-02,-3.389285099400145967e-02,1.301800484469348845e-02,9.212001181614704048e-02
1.579522973054868329e+00,9.639968413772825873e-02,-3.284603364627406569e-02,1.123927851068642902e-02,8.993172851736383477e-02
1.588249619314839878e+00,9.386111184560953780e-02,-3.182148208983347215e-02,9.541420100753005007e-03,8.778532278781786546e-02
1.596976265574811427e+00,9.140142849616886278e-02,-3.082310396033557248e-02,7.923801488816537009e-03,8.568179948715154426e-02
1.605702911834783198e+00,8.902241110683514758e-02,-2.985125921339457783e-02,6.380900999775236671e-03,8.362521213772890205e-02
1.614429558094754746e+00,8.671856618068206346e-02,-2.890094271252450706e-02,4.908089988874528298e-03,8.161345405888553728e-02
1.623156204354726517e+00,8.448345861258686751e-02,-2.797127137330414001e-02,3.504596499656738307e-03,7.964157557632978168e-02
1.631882850614698066e+00,8.231610424811064419e-02,-2.706606557355304560e-02,2.169270702122860772e-03,7.770883719098398146e-02
1.640609496874669837e+00,8.021885712298504334e-02,-2.618687779560868040e-02,8.982652263471169185e-04,7.581889994598234317e-02
1.649336143134641386e+00,7.818857304612034098e-02,-2.532905152092869080e-02,-3.120057342713145054e-04,7.397158073517436094e-02
1.658062789394613157e+00,7.621892651066877744e-02,-2.448974188048302220e-02,-1.462608281622410078e-03,7.216258087181039171e-02
1.666789435654584706e+00,7.430762272240462596e-02,-2.367137418814863753e-02,-2.555203245939170753e-03,7.039005451817618997e-02
1.675516081914556477e+00,7.245628388373895334e-02,-2.287740866074714635e-02,-3.592818869487993116e-03,6.865587301739881076e-02
1.684242728174528025e+00,7.066367268882449426e-02,-2.210455400624371236e-02,-4.578242423519771065e-03,6.696105604282133472e-02
1.692969374434499574e+00,6.892527384744287500e-02,-2.134877099644639717e-02,-5.512705744900318200e-03,6.530339521997631513e-02
1.701696020694471345e+00,6.723748961105024957e-02,-2.061093650957068063e-02,-6.397054034290704932e-03,6.368003615794279315e-02
1.710422666954442894e+00,6.559976318098630077e-02,-1.989396488790129425e-02,-7.233682557379477601e-03,6.209052203919290802e-02
1.719149313214414665e+00,6.401341085628149685e-02,-1.919882607573879588e-02,-8.026250977051143515e-03,6.053677512076452438e-02
1.727875959474386214e+00,6.247573049421152602e-02,-1.852188155402829939e-02,-8.775835492622209577e-03,5.901814564937067631e-02
1.736602605734357985e+00,6.098260512672525752e-02,-1.786103674510838152e-02,-9.482414956486832219e-03,5.753212407885685553e-02
1.745329251994329534e+00,5.953240265059421554e-02,-1.721759945809392400e-02,-1.014799113735942795e-02,5.607744207904988981e-02
1.754055898254301304e+00,5.812610110911411998e-02,-1.659446662433452721e-02,-1.077563541103138470e-02,5.465485329858028180e-02
1.762782544514272853e+00,5.676339094490197995e-02,-1.599006184179622286e-02,-1.136785672656345780e-02,5.326511341679128486e-02
1.771509190774244402e+00,5.544167073380902588e-02,-1.540150998499177637e-02,-1.192500911068429884e-02,5.190728755818774243e-02
1.780235837034216173e+00,5.415759687273852957e-02,-1.482761158420840136e-02,-1.244705683689119324e-02,5.057922508142159018e-02
1.788962483294187722e+00,5.290976259518723884e-02,-1.426969898144466592e-02,-1.293557505190071413e-02,4.927970745585524837e-02
1.797689129554159493e+00,5.169949482444900074e-02,-1.373010601460453867e-02,-1.339383323383284280e-02,4.800965720805787373e-02
1.806415775814131042e+00,5.052576903435565536e-02,-1.320715812704029157e-02,-1.382312948772097469e-02,4.676906458211566031e-02
1.815142422074102813e+00,4.938646291108039765e-02,-1.269859703183372560e-02,-1.422379157644221986e-02,4.555713012779179227e-02
1.823869068334074361e+00,4.827867221037297762e-02,-1.220360747978097363e-02,-1.459557837977980971e-02,4.437196464701307491e-02
1.832595714594046132e+00,4.720136141897768312e-02,-1.172329328698794651e-02,-1.493991379327146325e-02,4.321263576966620501e-02
1.841322360854017681e+00,4.615585561670548786e-02,-1.125965427418715303e-02,-1.525968961455937724e-02,4.207998415165161571e-02
1.850049007113989230e+00,4.514165634915217468e-02,-1.081110772541001713e-02,-1.555647391011713739e-02,4.097420172716456643e-02
1.858775653373961001e+00,4.415701894418253698e-02,-1.037554546823839241e-02,-1.583061655006885726e-02,3.989463570353912747e-02
1.867502299633932550e+00,4.319926890343249448e-02,-9.951853685786736514e-03,-1.608173841935573584e-02,3.883960776603157666e-02
1.876228945893904321e+00,4.226749596018011812e-02,-9.540765974915755426e-03,-1.631097700895326255e-02,3.780829311631418721e-02
1.884955592153875870e+00,4.136192803214228109e-02,-9.143882378959435758e-03,-1.651976073637163173e-02,3.680076100828495733e-02
1.893682238413847641e+00,4.048344966668379619e-02,-8.760778337958588513e-03,-1.671046907206175797e-02,3.581785425203111439e-02
1.902408884673819189e+00,3.963071447881294507e-02,-8.389593810761802190e-03,-1.688356724814234905e-02,3.485905051445142150e-02
1.911135530933790960e+00,3.880088884365089780e-02,-8.028608422462342464e-03,-1.703844500962260755e-02,3.392258559588560984e-02
1.919862177193762509e+00,3.799278291076850500e-02,-7.678702840734054347e-03,-1.717550898377508822e-02,3.300743805775824269e-02
1.928588823453734058e+00,3.720577853997906331e-02,-7.340687297942663850e-03,-1.729549960611182630e-02,3.211308082596211338e-02
1.937315469713705829e+00,3.644131473771681368e-02,-7.015381531883572996e-03,-1.740079054246229315e-02,3.124045982812670083e-02
1.946042115973677378e+00,3.569877888086961382e-02,-6.701076613475517169e-03,-1.749238399164756291e-02,3.038938775451565516e-02
1.954768762233649149e+00,3.497697799699664434e-02,-6.396426164277236107e-03,-1.757086760915153173e-02,2.955908208299111786e-02
1.963495408493620697e+00,3.427343325998602475e-02,-6.100795267572508424e-03,-1.763540820032873102e-02,2.874788517678577779e-02
1.972222054753592468e+00,3.358771942389635057e-02,-5.814949834089293973e-03,-1.768657926269538716e-02,2.795543182477785993e-02
1.980948701013564017e+00,3.291950152319930711e-02,-5.539518335433217880e-03,-1.772469260166711566e-02,2.718165906128115067e-02
1.989675347273535788e+00,3.227034839855801723e-02,-5.274722617646282127e-03,-1.775203893971136898e-02,2.642759543647847653e-02
1.998401993533507337e+00,3.163957305278201904e-02,-5.019245398168521027e-03,-1.776941582711556028e-02,2.569275422679222209e-02
2.007128639793478886e+00,3.102613889235584024e-02,-4.772310061759942740e-03,-1.777736791290781063e-02,2.497621951639791837e-02
2.015855286053450435e+00,3.042768336028530210e-02,-4.533628920235319854e-03,-1.777477155441733320e-02,2.427648285225159075e-02
2.024581932313422428e+00,2.984377237720855711e-02,-4.303830348710183801e-03,-1.776191910996265805e-02,2.359326224928000662e-02
2.033308578573393977e+00,2.927410720461970026e-02,-4.082974297636505351e-03,-1.773914070405627555e-02,2.292652526210853248e-02
2.042035224833365525e+00,2.872007696042045907e-02,-3.871234381763292293e-03,-1.770863284877007698e-02,2.227690929194149280e-02
2.050761871093337074e+00,2.818148644318027932e-02,-3.667459703645060271e-03,-1.767162090636470451e-02,2.164393060446802297e-02
2.059488517353309067e+00,2.765748526185898837e-02,-3.471127691040444552e-03,-1.762838809313159102e-02,2.102683278100569292e-02
2.068215163613280616e+00,2.714644440176468970e-02,-3.281655329299124069e-03,-1.757813162293742765e-02,2.042472694075667117e-02
2.076941809873252165e+00,2.664744620232936678e-02,-3.099312433892978738e-03,-1.752026885594758915e-02,1.983735947041509462e-02
2.085668456133223714e+00,2.616051808616276508e-02,-2.924013277275793951e-03,-1.745534838546212997e-02,1.926482975873155395e-02
2.094395102393195263e+00,2.568571183040839132e-02,-2.755904741771918187e-03,-1.738410505754769270e-02,1.870704874204387469e-02
2.103121748653167256e+00,2.522397621321555844e-02,-2.594925234960507310e-03,-1.730847599838885101e-02,1.816403032487632491e-02
2.111848394913138804e+00,2.477448374243486351e-02,-2.440617923363050043e-03,-1.722859261956526111e-02,1.763502268797491335e-02
2.120575041173110353e+00,2.433666805070532416e-02,-2.292770015919882998e-03,-1.714459880420080712e-02,1.711956042973405978e-02
2.129301687433081902e+00,2.390905462182392471e-02,-2.150781424629370775e-03,-1.705561869119146673e-02,1.661694626679371262e-02
2.138028333693053895e+00,2.349123082000156848e-02,-2.014550465982511626e-03,-1.696177672062363501e-02,1.612692290358924002e-02
2.146754979953025444e+00,2.308324541702067023e-02,-1.883855603100134321e-03,-1.686382516050888292e-02,1.564923985389901975e-02
2.155481626212996993e+00,2.268502711221818263e-02,-1.758877122731166212e-03,-1.676224721010228721e-02,1.518367132206915014e-02
2.164208272472968542e+00,2.229748934998118659e-02,-1.639690107507051076e-03,-1.665843920892713659e-02,1.473043959922265209e-02
2.172934918732940091e+00,2.192016232776770879e-02,-1.525845853685014672e-03,-1.655240882912924552e-02,1.428926425187255177e-02
2.181661564992912083e+00,2.155264135509613044e-02,-1.417047120877349201e-03,-1.644418657400455175e-02,1.385990817999678375e-02
2.190388211252883632e+00,2.119393620339867640e-02,-1.312695355822027232e-03,-1.633339047365861552e-02,1.344173048128604643e-02
2.199114857512855181e+00,2.084304860162872891e-02,-1.212779628219317479e-03,-1.621953632628033576e-02,1.303412758659765885e-02
2.207841503772826730e+00,2.049988811128544697e-02,-1.117519894501022709e-03,-1.610301386383863886e-02,1.263683134182131199e-02
2.216568150032798723e+00,2.016404235374879075e-02,-1.026952643929223558e-03,-1.598382672074631292e-02,1.224954103924134896e-02
2.225294796292770272e+00,1.983598241585251415e-02,-9.412077411184594650e-04,-1.586275814403851139e-02,1.187237257054413186e-02
2.234021442552741821e+00,1.951655176235182060e-02,-8.598283261224779622e-04,-1.574108889447085879e-02,1.150541647914240725e-02
2.242748088812713370e+00,1.920534290884776119e-02,-7.822168114496041991e-04,-1.561885875929327518e-02,1.114829960862024835e-02
2.251474735072684918e+00,1.890228551412254446e-02,-7.080641386062007381e-04,-1.549636847706414682e-02,1.080081510146709001e-02
2.260201381332656911e+00,1.860654719093050163e-02,-6.371632159729630901e-04,-1.537307831662290854e-02,1.046260409628086904e-02
2.268928027592628460e+00,1.831721377055191627e-02,-5.696603655724087611e-04,-1.524830042544059010e-02,1.013336772842577532e-02
2.277654673852600009e+00,1.803421382247694105e-02,-5.056494449558936871e-04,-1.512223051865536905e-02,9.813018443592284173e-03
2.286381320112571558e+00,1.775719014875588170e-02,-4.448846122758979421e-04,-1.499485458756781228e-02,9.501274417599443398e-03
2.295107966372543551e+00,1.748630698942770303e-02,-3.874004032411206000e-04,-1.486666497635378940e-02,9.197995734774632240e-03
2.303834612632515100e+00,1.722220158713151650e-02,-3.332323058701774227e-04,-1.473868271937390194e-02,8.903056522102329590e-03
2.312561258892486649e+00,1.696475620336556148e-02,-2.821509012824359452e-04,-1.461116584672933309e-02,8.616099843195067914e-03
2.321287905152458197e+00,1.671351935517351520e-02,-2.340248098873093374e-04,-1.448392925983268964e-02,8.336831221770021894e-03
2.330014551412429746e+00,1.646832132741266747e-02,-1.884611073045810298e-04,-1.435705752930116832e-02,8.065047355985278249e-03
2.338741197672401739e+00,1.622873013188846220e-02,-1.450671550367078899e-04,-1.423033263677717271e-02,7.800530126912435386e-03
2.347467843932373288e+00,1.599445448728858271e-02,-1.038027437076233239e-04,-1.410360043660642548e-02,7.543225706612503509e-03
2.356194490192344837e+00,1.576543268065225961e-02,-6.486617645364706197e-05,-1.397696205132203939e-02,7.293092060520979872e-03
2.364921136452316386e+00,1.554120685718069113e-02,-2.840198741259868098e-05,-1.385018691401963993e-02,7.049867115876030585e-03
2.373647782712288379e+00,1.532183176976445980e-02,5.421995931632547783e-06,-1.372354087083628785e-02,6.813437117153839026e-03
2.382374428972259928e+00,1.510784534811340785e-02,3.653163562503634887e-05,-1.359774126791470084e-02,6.583850614417069771e-03
2.391101075232231477e+00,1.489919244204926732e-02,6.515860550043023336e-05,-1.347296983402818636e-02,6.360878369589670865e-03
2.399827721492203025e+00,1.469545984728316823e-02,9.153251840624855584e-05,-1.334908850290845994e-02,6.144102706067276071e-03
2.408554367752174574e+00,1.449683691629381418e-02,1.157502024519254172e-04,-1.322652617952934338e-02,5.933286415678616817e-03
2.417281014012146567e+00,1.430277632098305406e-02,1.380373545384460526e-04,-1.310491874645584344e-02,5.728128911399930218e-03
2.426007660272118116e+00,1.411285976760762693e-02,1.587665879465936097e-04,-1.298397555635065134e-02,5.528470199141766184e-03
2.434734306532089665e+00,1.392713586112902420e-02,1.780964423840625255e-04,-1.286377678820400244e-02,5.334476702997226726e-03
2.443460952792061214e+00,1.374558790869857133e-02,1.960787453345472567e-04,-1.274433385210796237e-02,5.146328278239097054e-03
2.452187599052033207e+00,1.356797610722346864e-02,2.126239743238259386e-04,-1.262553410386553845e-02,4.963935463305086185e-03
2.460914245312004756e+00,1.339438508259978289e-02,2.275115327733815210e-04,-1.250763656285177813e-02,4.787151329866233193e-03
2.469640891571976304e+00,1.322457164081638006e-02,2.406041867826407346e-04,-1.239055351543363534e-02,4.615797687243528187e-03
2.478367537831947853e+00,1.305897241113310701e-02,2.519248161826498356e-04,-1.227487306528882161e-02,4.449807361310597828e-03
2.487094184091919402e+00,1.289736690083295376e-02,2.615576530071413511e-04,-1.216055540548022749e-02,4.288887128277036470e-03
2.495820830351891395e+00,1.273919703933545228e-02,2.697975852263730101e-04,-1.204723880940911443e-02,4.132600578217789783e-03
2.504547476611862944e+00,1.258502438442930284e-02,2.768652939171747235e-04,-1.193565030288550738e-02,3.980758245979449522e-03
2.513274122871834493e+00,1.243427220382415169e-02,2.830588048983477198e-04,-1.182532425284963523e-02,3.833106999123506338e-03
2.522000769131806042e+00,1.228711164653638853e-02,2.886895976405706721e-04,-1.171648580174935311e-02,3.689679035914925510e-03
2.530727415391778035e+00,1.214301343754202629e-02,2.937389189860088040e-04,-1.160858721605032354e-02,3.550661296033758799e-03
2.539454061651749583e+00,1.200193963038349333e-02,2.979620483502792155e-04,-1.150164261715069282e-02,3.416136797093429628e-03
2.548180707911721132e+00,1.186399373669115229e-02,3.011348805133156822e-04,-1.139588270842002357e-02,3.285958378299797585e-03
2.556907354171692681e+00,1.172874773195866499e-02,3.032795378000293848e-04,-1.129102498173486027e-02,3.159794256548463087e-03
2.565634000431664230e+00,1.159660277308784126e-02,3.042964578233563894e-04,-1.118758306934656936e-02,3.037529359366716690e-03
2.574360646691636223e+00,1.146711201501434546e-02,3.041339000455682909e-04,-1.108523294608205340e-02,2.918864687995397812e-03
2.583087292951607772e+00,1.134102732019793419e-02,3.029037327089735554e-04,-1.098484488001511515e-02,2.803628536056907046e-03
2.591813939211579321e+00,1.121816528116409764e-02,3.008987270995818961e-04,-1.088632592777986734e-02,2.691579466724546964e-03
2.600540585471550870e+00,1.109881416891891903e-02,2.983988215065902505e-04,-1.079001039642115897e-02,2.582694280135018443e-03
2.609267231731522863e+00,1.098249179215305890e-02,2.957795832806931965e-04,-1.069541635717560606e-02,2.477036404553648128e-03
2.617993877991494411e+00,1.086957474869260434e-02,2.932216399564764597e-04,-1.060289324464649095e-02,2.374938131806159352e-03
2.626720524251465960e+00,1.075933629618698942e-02,2.904627780178636876e-04,-1.051174461461252228e-02,2.276438900167880759e-03
2.635447170511437509e+00,1.065195095878519391e-02,2.871611451314278959e-04,-1.042224213345085276e-02,2.181390982106005093e-03
2.644173816771409058e+00,1.054691551222275078e-02,2.833267763221545416e-04,-1.033398483369272168e-02,2.089476062746974550e-03
2.652900463031381051e+00,1.044429945313348103e-02,2.789248989653811406e-04,-1.024712167092326973e-02,2.000522288992590946e-03
2.661627109291352600e+00,1.034417924813909630e-02,2.739219029508146996e-04,-1.016182491388691739e-02,1.914242808063399423e-03
2.670353755551324149e+00,1.024653708700757650e-02,2.684504360331279454e-04,-1.007815573849354419e-02,1.830364321517712316e-03
2.679080401811295697e+00,1.015156616159641582e-02,2.627948247019007422e-04,-9.996353804895908093e-03,1.748755277539533947e-03
2.687807048071267690e+00,1.005888511938959201e-02,2.571725360558272874e-04,-9.916055985138515910e-03,1.669390856382824443e-03
2.696533694331239239e+00,9.968774944660955054e-03,2.518144440205143109e-04,-9.837528771311922215e-03,1.592510928280502051e-03
2.705260340591210788e+00,9.880716825839483061e-03,2.468520016504389958e-04,-9.760214048037564941e-03,1.518502821267978453e-03
2.713986986851182337e+00,9.794694054887771034e-03,2.418861902372896472e-04,-9.684120625750211250e-03,1.447525614884135215e-03
2.722713633111153886e+00,9.710941068571600499e-03,2.365910035611240234e-04,-9.609582758794395566e-03,1.379246292793988478e-03
2.731440279371125879e+00,9.629183873778746766e-03,2.308577225116495782e-04,-9.536408891696494111e-03,1.313313457392960076e-03
2.740166925631097428e+00,9.549692446092772347e-03,2.246192511023200472e-04,-9.464924188847130201e-03,1.249552762540298394e-03
2.748893571891068976e+00,9.472409494386137274e-03,2.177706368642973525e-04,-9.395139536253508880e-03,1.187632381413782599e-03
2.757620218151040525e+00,9.397274397765307402e-03,2.104664037105704807e-04,-9.327045042895044241e-03,1.127253639431431784e-03
2.766346864411012518e+00,9.324632372881870579e-03,2.030118851530371415e-04,-9.261001422687681339e-03,1.068366843766652531e-03
2.775073510670984067e+00,9.254269177476258379e-03,1.957773071340962109e-04,-9.196793757829509197e-03,1.011016236836288209e-03
2.783800156930955616e+00,9.186098955288463097e-03,1.890951502806536080e-04,-9.134313268528744187e-03,9.554989026010772589e-04
2.792526803190927165e+00,9.120265010361295818e-03,1.829996620260256751e-04,-9.073663842273104602e-03,9.024242130752992445e-04
2.801253449450898714e+00,9.056345752146793132e-03,1.769622296202378806e-04,-9.014446969097627410e-03,8.519557459408950420e-04
2.809980095710870707e+00,8.994179901261513052e-03,1.705798921284151087e-04,-8.956574039342109564e-03,8.037139257478067081e-04
2.818706741970842256e+00,8.934083704049747970e-03,1.637177439858259267e-04,-8.900415574344176448e-03,7.573973430393617133e-04
2.827433388230813804e+00,8.876085893763426687e-03,1.562542500172176343e-04,-8.846033695594834878e-03,7.128627211591547245e-04
2.836160034490785353e+00,8.820110903924819473e-03,1.480889676636542793e-04,-8.793400287611153471e-03,6.697293461017870793e-04
2.844886680750757346e+00,8.766310535257917230e-03,1.395208961764947408e-04,-8.742694503809333301e-03,6.277158060508861289e-04
2.853613327010728895e+00,8.714700120151134405e-03,1.309337346109195818e-04,-8.693931934476002016e-03,5.868577851587148276e-04
2.862339973270700444e+00,8.664980020348739265e-03,1.227851274741348017e-04,-8.646804168918519051e-03,5.473392274333359299e-04
2.871066619530671993e+00,8.616808812997436839e-03,1.155070685718061554e-04,-8.600952349568046634e-03,5.095791570699712003e-04
2.879793265790643542e+00,8.569912879952307910e-03,1.090081585858422228e-04,-8.556082887100640785e-03,4.743096250317686531e-04
2.888519912050615535e+00,8.523995701075676168e-03,1.027662360555134727e-04,-8.511928595307504883e-03,4.416032167794967447e-04
2.897246558310587083e+00,8.478901719453584007e-03,9.669984972573032050e-05,-8.468388286549721755e-03,4.108811694923531887e-04
2.905973204570558632e+00,8.434938746451209335e-03,9.075302240444966390e-05,-8.425817223070052389e-03,3.815228285757042747e-04
2.914699850830530181e+00,8.392680624694691394e-03,8.447663793968197832e-05,-8.384823309353441750e-03,3.531144809991285148e-04
2.923426497090502174e+00,8.352710795100741492e-03,7.760977646347790027e-05,-8.346022951364030773e-03,3.250465266612966638e-04
2.932153143350473723e+00,8.315402035093059918e-03,7.039599669443011992e-05,-8.309795722174131288e-03,2.970697975488185028e-04
2.940879789610445272e+00,8.280776552922289660e-03,6.312458726658205788e-05,-8.276152123612347949e-03,2.694097858965179698e-04
2.949606435870416821e+00,8.248427835495118418e-03,5.629307225438716367e-05,-8.244662203034304471e-03,2.427715083043427598e-04
2.958333082130388370e+00,8.217625997351103717e-03,5.059419383653031982e-05,-8.214573948629285555e-03,2.181561422280542612e-04
2.967059728390360362e+00,8.187952870072229619e-03,4.567897552032115782e-05,-8.185470104065114411e-03,1.963792483326931657e-04
2.975786374650331911e+00,8.159216053430680404e-03,4.092986002834312492e-05,-8.157184735389993308e-03,1.773937593025356422e-04
2.984513020910303460e+00,8.131144140614922355e-03,3.657649782250627785e-05,-8.129470940575204280e-03,1.608397388916422846e-04
2.993239667170275009e+00,8.103589102637542146e-03,3.304503020812744191e-05,-8.102207381112034451e-03,1.459449341982289308e-04
3.001966313430247002e+00,8.077137114528239181e-03,2.978858783351818335e-05,-8.076014500070463620e-03,1.313255556853340717e-04
3.010692959690218551e+00,8.052583170291838233e-03,2.641125299772482254e-05,-8.051706019622498559e-03,1.158806875939451687e-04
3.019419605950190100e+00,8.030390057939493578e-03,2.292677615463485641e-05,-8.029741892663236694e-03,9.941822165802341373e-05
3.028146252210161649e+00,8.010693207184619441e-03,1.939822971235623944e-05,-8.010246837267111925e-03,8.231023247499220843e-05
3.036872898470133197e+00,7.993196825390477475e-03,1.615676580688646391e-05,-7.992910261501598793e-03,6.572670639483672254e-05
3.045599544730105190e+00,7.977157436174319230e-03,1.377070657303594570e-05,-7.976978629510344046e-03,5.160497540917542963e-05
3.054326190990076739e+00,7.962232637015721065e-03,1.154209516877110347e-05,-7.962119505223611352e-03,4.084520210679057871e-05
3.063052837250048288e+00,7.948404041239174461e-03,8.942622425163991584e-06,-7.948329032704284230e-03,3.335296330985717747e-05
3.071779483510019837e+00,7.935489744255392122e-03,6.556799503835974985e-06,-7.935433600586438638e-03,2.912147397587862719e-05
3.080506129769991830e+00,7.923488817430440409e-03,5.107408753266332035e-06,-7.923439777867496980e-03,2.740512412163320470e-05
3.089232776029963379e+00,7.913227528649948578e-03,3.948168856021325168e-06,-7.913184153409968946e-03,2.590147423243689771e-05
3.097959422289934928e+00,7.905396604641200253e-03,2.791111990291424150e-06,-7.905362484016135310e-03,2.305824530871199152e-05
3.106686068549906476e+00,7.900168670758375006e-03,1.618078904089097214e-06,-7.900147028302651614e-03,1.842116862715837116e-05
3.115412714809878025e+00,7.897298735367062894e-03,3.921878806390985406e-07,-7.897289350481503239e-03,1.216867249487641866e-05
3.124139361069850018e+00,7.895979857583040190e-03,-5.117096737597762179e-07,-7.895977830087372307e-03,5.635270978492177424e-06
3.132866007329821567e+00,7.895158758048899036e-03,-2.934148002464026517e-07,-7.895158634700624734e-03,1.364410555241939160e-06
3.141592653589793116e+00,7.894816660075690967e-03,0.000000000000000000e+00,-7.894816660075690967e-03,0.000000000000000000e+00
